{
  "build": {
    "core": "esp32",
    "extra_flags": [
        "-DESP32C5_DEVKITC_1",
        "-DESP32C5"
      ],
    "f_cpu": "240000000L",
    "f_flash": "80000000L",
    "flash_mode": "qio",
    "mcu": "esp32c5",
    "variant": "pinouts"
  },
  "connectivity": [
    "bluetooth",
    "wifi"
  ],
  "debug": {
    "openocd_target": "esp32c5.cfg"
  },
  "frameworks": [
    "arduino",
    "espidf"
  ],
  "name": "Espressif ESP32-C5-DevKitC-1 8MB no PSRAM",
  "upload": {
    "flash_size": "8MB",
    "maximum_ram_size": 327680,
    "maximum_size": 8388608,
    "require_upload_port": true,
    "speed": 460800
  },
  "url": "https://docs.espressif.com/projects/esp-dev-kits/en/latest/esp32c5/esp32-c5-devkitc-1/user_guide.html",
  "vendor": "Espressif"
}
