{
  "build": {
    "arduino": {
      "ldscript": "esp32s3_out.ld",
      "partitions": "default_16MB.csv",
      "memory_type": "qio_opi"
    },
    "core": "esp32",
    "extra_flags": [
      "-DREAPER",
      "-DBOARD_HAS_PSRAM",
      "-DARDUINO_RUNNING_CORE=1",
      "-DARDUINO_EVENT_RUNNING_CORE=1",
      "-DARDUINO_USB_MODE=1",
      "-DARDUINO_USB_CDC_ON_BOOT"
    ],
    "f_cpu": "240000000L",
    "f_flash": "80000000L",
    "flash_mode": "qio",
    "hwids": [
      [
        "0x239A",
        "0x811B"
      ],
      [
        "0x239A",
        "0x011B"
      ],
      [
        "0x239A",
        "0x811C"
      ]
    ],
    "mcu": "esp32s3",
    "variant": "pinouts"
  },
  "connectivity": [
    "bluetooth",
    "wifi"

  ],
  "debug": {
    "default_tool": "esp-builtin",
    "onboard_tools": [
      "esp-builtin"
    ],
    "openocd_target": "esp32s3.cfg"
  },
  "frameworks": [
    "arduino",
    "espidf"
  ],
  "name": "reaper",
  "upload": {
    "flash_size": "16MB",
    "maximum_ram_size": 327680,
    "maximum_size": 16777216,
    "require_upload_port": true,
    "speed": 460800
  },
  "url": "https://bruce.computer/",
  "vendor": "SMOOCHIEE"
}
